Liste de département;;;Fichier associé;Lieu de formation;Info;Contact;adresse;Telephone;Fax;E-Mail
9;Ariège;Foix;liste09;CCI de Foix;Site Pyramide;M. BRESSON Michel;21, allées des Villotes 09001 Foix;05 61 64 19 01;;
;;;;Varilhés;Mairie;;;05 61 60 73 24;;
12;Aveyron;Rodez;liste12;Cci de Rodez;;;;05 65 77 77 00;;
;;;;Rieupeyrou;Mairie;;;05 65 65 51 12;;
24;Dordogne;Périgeux;liste24;CCI;;;;;;
;;;;St Pierre de Chignec;Mairie;;;05 53 45 43 31;;
31;Haute Garonne;Toulouse;liste31;CCI Toulouse;;;;05 61 33 65 00;;
;;;;Portet/garonne;Mairie;;;05 61 72 00 15;;
33;Gironde;Bordeau;liste33;CCI;;;;;;
;;;;Libourne;Mairie;;;05 57 55 33 33;;
36;Indre;Châteauroux;liste36;CCI;;;;02 54 53 52 51;;
;;;;Villedieu/indre;Mairie;;;02 54 26 50 27;;
37;Indre et Loire;Tours;liste37;CCI;;;;02 47 47 20 00;;
;;;;Montbazon;Mairie;;;02 47 26 01 30;;
38;Isère;Grenoble;;CCI;;;;04 76 28 28 28;;
;;;;Tullins;Mairie;;;04 76 07 00 05;;
40;Landes;Mont de marsan;;CCI;;;;05  58 05 44 50;;
;;;;Tartas;Mairie;;;05 58 73 41 66;;
46;Lot;Cahors;liste46;CCI;;;;;;
;;;;Mercués;Mairie;;;05 65 20 00 04;;
;;;;St Pierre la feuille;Mairie;;;05 65 36 87 13;;
47;Lot et Garonne;Agen;liste47;CCI;;;;05 53 77 10 00;;
;;;;Bon Encontre;;;;05 53 77 07 77;;
53;Mayenne;Laval;;CCI;;;;02 43 49 50 00;;
;;;;Cossé le Vivien;Mairie;;;02 43 98 80 24;02 43 98 87 65;
60;Oise;Beauvais;;CCI;;;;03 44 75 80 81;;
;;;;Clérmont;Mairie;;;03 44 50 84 84;;
61;Orne;Alençon;;CCI;;;;02 33 82 82 82;;
;;;;Sées;Mairie;;;02 33 81 79 70;;
64;Pyrénées atlantique;Pau;liste64;;;;;;;
;;;;;;;;;;
81;Tarn;Albi;liste81;CCI;;;;05 63 49 48 47;;
;;;;Réalmont;Mairie;;;05 63 79 25 80;;
82;Tarn et Garonne;Montauban;liste82;CCI;;;;05 63 22 26 26;;
;;;;Monclar;Mairie;;;05 63 30 40 29;;
;;;;;;;;;;
